{"cameraMode":{"drawMode":0,"name":"Shaded","section":"Shading Mode"},"sceneLighting":true,"audioPlay":false,"sceneViewState":{"showFog":true,"showMaterialUpdate":false,"showSkybox":true,"showFlares":true,"showImageEffects":true,"showParticleSystems":true},"in2DMode":false,"pivot":{"x":8.547749519348145,"y":5.057500839233398,"z":1.97934889793396},"rotation":{"x":-0.01627880334854126,"y":0.8025736212730408,"z":-0.021923337131738664,"w":-0.5959295034408569},"size":-1.018282413482666,"orthographic":false}